{
    "accuracy": 0.7743037102647378,
    "precision_macro": 0.7740062665094293,
    "recall_macro": 0.7739219235907501,
    "f1_macro": 0.7737894847009937,
    "f1_weighted": 0.7740561809323331
}