{
    "negative": {
        "precision": 0.8918918918918919,
        "recall": 0.9705882352941176,
        "f1-score": 0.9295774647887324,
        "support": 34.0
    },
    "neutral": {
        "precision": 0.96,
        "recall": 0.7272727272727273,
        "f1-score": 0.8275862068965517,
        "support": 33.0
    },
    "positive": {
        "precision": 0.8157894736842105,
        "recall": 0.9393939393939394,
        "f1-score": 0.8732394366197183,
        "support": 33.0
    },
    "accuracy": 0.88,
    "macro avg": {
        "precision": 0.8892271218587008,
        "recall": 0.8790849673202614,
        "f1-score": 0.8768010361016675,
        "support": 100.0
    },
    "weighted avg": {
        "precision": 0.8892537695590326,
        "recall": 0.88,
        "f1-score": 0.8773288003885381,
        "support": 100.0
    }
}