{
    "accuracy": 0.88,
    "macro_f1": 0.8768010361016675,
    "weighted_f1": 0.8773288003885381
}